# observed_effect,predicted_effect
4.620051023769999876e-01,4.653353095054626465e-01
-1.137775781910000186e-02,4.108282029628753662e-01
1.553205244839999943e-01,3.986663520336151123e-01
4.391644180850000079e-01,5.517980456352233887e-01
4.095876675790000032e-01,4.398925006389617920e-01
4.404032348599999924e-01,4.333545565605163574e-01
-4.745829639469999889e-02,2.975901961326599121e-01
4.012256543469999714e-01,3.803131878376007080e-01
5.822825973339999794e-02,4.846433699131011963e-01
2.718467273940000095e-01,5.491129755973815918e-01
5.567745856739999555e-01,5.116357207298278809e-01
5.997460425609999479e-01,4.234503507614135742e-01
8.619106425970000096e-01,7.390062808990478516e-01
2.894998664400000310e-01,3.355194628238677979e-01
1.679409703810000043e-01,3.602750897407531738e-01
3.848887581250000078e-01,3.613234758377075195e-01
4.441971112340000194e-01,9.056095480918884277e-01
4.435002767979999705e-01,3.879979252815246582e-01
1.952723654819999988e-01,3.546431064605712891e-01
5.271204091189999330e-01,4.365691244602203369e-01
7.888204528650000213e-01,5.554741621017456055e-01
5.947907754610000097e-01,5.806087255477905273e-01
3.602672747189999969e-01,3.665520548820495605e-01
5.752794112519999947e-01,4.359065890312194824e-01
4.769483297270000199e-01,5.866746902465820312e-01
7.778259539859999627e-01,4.223715662956237793e-01
3.628223343179999838e-01,3.826726377010345459e-01
4.768709036779999466e-01,7.387412190437316895e-01
4.495395085769999799e-01,4.323455393314361572e-01
4.689734467369999771e-01,3.863787055015563965e-01
5.107835128969999694e-01,4.355148673057556152e-01
6.348974685549999553e-01,5.790179967880249023e-01
-1.821021946409999981e-01,3.999064564704895020e-01
1.596916120489999980e+00,9.590808749198913574e-01
1.526845546649999941e+00,1.009719610214233398e+00
5.104738087030000759e-01,4.707542061805725098e-01
5.177518572570000144e-01,4.504076540470123291e-01
4.109813364509999900e-01,4.291883111000061035e-01
7.830134992319999210e-01,4.269248545169830322e-01
5.141902590290000630e-01,4.617548584938049316e-01
5.278946696039999997e-01,4.764679968357086182e-01
2.891127361979999866e-01,3.892908394336700439e-01
3.033591291120000255e-01,5.028351545333862305e-01
2.482317826190000021e-01,2.914278507232666016e-01
4.194207757320000396e-01,4.112533330917358398e-01
3.069207273400000324e-01,4.465278983116149902e-01
5.819380514190000131e-01,5.872313976287841797e-01
4.859297513459999718e-01,5.620237588882446289e-01
4.742384180309999753e-01,4.221094846725463867e-01
4.272408066250000247e-01,3.359870910644531250e-01
6.201090933020000362e-01,4.532402157783508301e-01
4.681991862520000214e-01,4.518333077430725098e-01
1.187719454460000046e+00,1.220188856124877930e+00
4.220532613790000109e-01,5.879911184310913086e-01
1.063098358180000064e-01,3.651749491691589355e-01
1.455648423800000035e-01,5.113714337348937988e-01
4.040904181390000405e-01,2.351898849010467529e-01
4.193433496830000218e-01,3.705884218215942383e-01
3.601898486710000125e-01,3.800182044506072998e-01
2.593037075460000174e-01,4.044345617294311523e-01
2.363081711580000133e-01,5.491740703582763672e-01
9.066977403210001174e-02,3.240579962730407715e-01
1.872200564439999992e-01,3.406530618667602539e-01
2.039440829080000073e-01,4.576594531536102295e-01
1.452551381859999990e-01,3.346239924430847168e-01
2.242297076010000001e-01,2.979075312614440918e-01
3.632094645600000282e-01,3.500679731369018555e-01
2.993329745930000119e-01,4.426599740982055664e-01
6.783334817330000099e-01,4.849891364574432373e-01
5.982749476409999767e-01,5.791438817977905273e-01
2.504771380240000123e-01,3.854779899120330811e-01
4.092779633849999987e-01,6.489667892456054688e-01
1.291505201089999944e-01,4.680603146553039551e-01
5.769827843179999860e-01,5.565733909606933594e-01
5.950230536060000519e-01,6.339750885963439941e-01
6.130633228940000068e-01,3.643232583999633789e-01
5.033506122459999732e-01,4.111852943897247314e-01
5.957198880420000453e-01,4.375665187835693359e-01
4.667280913319999947e-01,4.240485727787017822e-01
3.731199987610000490e-01,3.942656815052032471e-01
3.920893806299999840e-01,4.740868508815765381e-01
3.433883961579999866e-01,4.644629955291748047e-01
1.735930719169999914e-01,3.744907379150390625e-01
2.137771910599999825e-01,3.838886618614196777e-01
2.118415398490000046e-01,3.902816176414489746e-01
5.520515967189999484e-01,3.833497166633605957e-01
4.214338529909999465e-01,3.366633057594299316e-01
3.094757869390000193e-01,3.998386561870574951e-01
4.983179190979999951e-01,4.723478853702545166e-01
5.337016232369999891e-01,4.324010014533996582e-01
4.116781708869999834e-01,4.992561042308807373e-01
4.941369124810000013e-01,4.646924734115600586e-01
5.663754156810000273e-01,4.354141354560852051e-01
3.306130981650000078e-01,4.625088572502136230e-01
4.654118485079999923e-01,3.818095624446868896e-01
7.167368017620000531e-01,5.513542294502258301e-01
6.695069122100000270e-01,4.858691990375518799e-01
6.540217025210000035e-01,4.417087137699127197e-01
3.235673277560000005e-01,4.261189997196197510e-01
2.865576765989999997e-01,3.491891026496887207e-01
2.964682107999999650e-01,3.973994851112365723e-01
7.474749429950000579e-01,5.550466775894165039e-01
5.466317733280000590e-01,4.823132455348968506e-01
1.373576812450000018e-01,3.757164180278778076e-01
4.800453716640000201e-01,3.564864397048950195e-01
6.005203030460000146e-01,6.296104788780212402e-01
5.098544003159999338e-01,5.802074670791625977e-01
3.652225418199999685e-01,3.953964114189147949e-01
2.850091556300000106e-01,3.776796758174896240e-01
3.563185462490000011e-01,4.484928846359252930e-01
4.272408066250000247e-01,4.423941075801849365e-01
4.205047404100000219e-01,4.100957810878753662e-01
7.842523160070000721e-01,4.964430630207061768e-01
2.064217164579999764e-01,4.969544410705566406e-01
5.689304752800000697e-01,5.908633470535278320e-01
3.438529524490000489e-01,4.227986931800842285e-01
4.044775483820000073e-01,4.691901504993438721e-01
5.055959676510000111e-01,3.649806380271911621e-01
3.430786919640000376e-01,3.474745154380798340e-01
6.654807576910000133e-01,4.366203546524047852e-01
2.310431998640000151e-01,3.564719557762145996e-01
7.004773315889999408e-01,4.786486029624938965e-01
3.672356190789999864e-01,5.618307590484619141e-01
3.919345285329999817e-01,3.510110974311828613e-01
2.219069261469999998e-01,4.303641617298126221e-01
4.227849375369999857e-02,3.329653739929199219e-01
3.130373851669999707e-01,2.465252578258514404e-01
5.492642589749999749e-01,5.487140417098999023e-01
8.690338390539998903e-01,7.200063467025756836e-01
3.392073895419999707e-01,3.666503131389617920e-01
4.935949301420000102e-01,5.409582257270812988e-01
3.640611510930000239e-01,4.077192246913909912e-01
7.283507090290000097e-01,3.944442570209503174e-01
-3.212793880249999873e-02,4.117384850978851318e-01
3.980511863610000090e-01,4.700396955013275146e-01
4.031613055580000049e-01,4.269248545169830322e-01
3.984383166029999979e-01,2.590467035770416260e-01
5.429153230019999610e-01,3.866566717624664307e-01
1.601983655360000036e-01,5.043703317642211914e-01
-2.152057016540000201e-02,4.882450997829437256e-01
5.742728726229999747e-01,4.445893168449401855e-01
-6.345064670109998826e-03,3.716926574707031250e-01
6.182508681399999650e-01,5.641559362411499023e-01
5.155065018519999764e-01,3.671036064624786377e-01
2.694465198930000027e-01,3.819346725940704346e-01
3.790043784430000007e-01,4.034628570079803467e-01
1.733607937720000047e-01,2.628478407859802246e-01
5.219328638729999748e-01,5.158942341804504395e-01
8.109643027199999743e-01,5.461398363113403320e-01
2.681302770690000004e-01,3.533939421176910400e-01
5.131062943509999696e-01,4.189468622207641602e-01
5.801572523040000595e-01,3.950104117393493652e-01
6.588221175249999728e-01,6.661441326141357422e-01
4.955654230749999972e-02,5.078261494636535645e-01
4.285570494479999937e-01,4.443100392818450928e-01
5.689304752800000697e-01,3.899073600769042969e-01
3.790818044910000406e-01,4.232683777809143066e-01
6.050884399039999639e-01,4.241048693656921387e-01
1.090971735620000077e-01,4.914596974849700928e-01
3.824111245750000387e-01,3.871011137962341309e-01
2.809830011109999970e-01,2.957318127155303955e-01
1.069292442060000015e-01,2.714922428131103516e-01
6.450402809019999406e-01,4.436709284782409668e-01
3.088563785510000104e-01,3.914873003959655762e-01
3.436981003519999911e-01,3.192859888076782227e-01
3.506664447119999806e-01,4.160693287849426270e-01
4.629342149580000232e-01,3.108517527580261230e-01
1.253918725879999974e+00,5.460509061813354492e-01
4.068003298349999741e-01,5.234757661819458008e-01
6.276968460499999791e-01,5.300011038780212402e-01
3.769138751349999650e-01,3.343165516853332520e-01
4.562755747919999827e-01,4.348668456077575684e-01
2.272493234899999881e-01,4.397446811199188232e-01
6.782908974069999652e-02,4.506990909576416016e-01
4.915044268339999745e-01,5.393787622451782227e-01
5.422959146149999299e-01,4.674787819385528564e-01
3.954187007130000042e-01,5.616870522499084473e-01
-1.155932190269999965e-01,5.120898485183715820e-01
2.757180298169999988e-01,3.574535846710205078e-01
5.583231066430000000e-01,3.657675087451934814e-01
2.896547185370000332e-01,3.096981346607208252e-01
1.318801754470000143e+00,5.680796504020690918e-01
3.827208287680000098e-01,3.607860803604125977e-01
7.672185853489998930e-01,5.907868146896362305e-01
4.494620825280000176e-01,4.617892205715179443e-01
3.416850230919999398e-01,4.460524618625640869e-01
3.093983608909999794e-01,3.973654210567474365e-01
4.353705417109999809e-01,4.203464686870574951e-01
6.692746340649999848e-01,5.568922758102416992e-01
2.901192748279999845e-01,3.840181231498718262e-01
4.050969567689999828e-01,3.332504034042358398e-01
3.538409126979999986e-01,4.080902934074401855e-01
8.081769649760000007e-01,4.820519685745239258e-01
4.229049479119999511e-01,4.364225268363952637e-01
4.459779103479999951e-01,3.941230475902557373e-01
9.301229912780000220e-01,7.448309659957885742e-01
6.961414728759999226e-01,5.601432323455810547e-01
1.607403478749999948e-01,3.926045596599578857e-01
1.681732485260000187e-01,3.434603214263916016e-01
6.386139188809999423e-01,5.461881160736083984e-01
2.538838841550000169e-01,3.943356871604919434e-01
5.517418925249999440e-01,7.006096243858337402e-01
4.192659236349999818e-01,5.431894063949584961e-01
3.773010053769999539e-01,3.364383280277252197e-01
4.597597469720000052e-01,4.280580580234527588e-01
3.381234248639999884e-01,3.834983706474304199e-01
1.419258181030000066e-01,3.206508457660675049e-01
6.164700690250000115e-01,4.960354864597320557e-01
5.388117424349999629e-01,4.525294899940490723e-01
2.367727274489999922e-01,4.753992855548858643e-01
1.759158533709999916e-01,3.082363307476043701e-01
3.219413807389999715e-01,4.567121267318725586e-01
3.137342196039999975e-01,4.551885724067687988e-01
5.664528417299999896e-01,4.357978701591491699e-01
1.197819682479999981e-01,2.416449189186096191e-01
6.426400734000000670e-01,4.844670593738555908e-01
3.765267448929999761e-01,5.150827169418334961e-01
5.199972126619999413e-01,4.417442381381988525e-01
4.983179190979999951e-01,3.933543860912322998e-01
1.659278931210000085e-01,3.417035043239593506e-01
3.181475043650000001e-01,4.850536584854125977e-01
3.965800914400000043e-01,3.891662955284118652e-01
3.205477118670000403e-01,4.754651486873626709e-01
7.069811196580000345e-01,3.858565688133239746e-01
-2.642512320420000171e-01,4.055441617965698242e-01
5.517418925249999440e-01,6.253791451454162598e-01
3.187669127519999757e-01,3.222246766090393066e-01
3.504341665669999939e-01,3.496326208114624023e-01
1.478221988220000060e+00,5.112038850784301758e-01
5.729566297989999724e-01,4.387353658676147461e-01
2.566712218989999905e-01,3.910329341888427734e-01
4.233695042019999799e-01,4.169116318225860596e-01
5.082284532990000159e-01,3.015650808811187744e-01
6.462016716280000184e-01,3.782028853893280029e-01
5.050539853119999645e-01,4.397674202919006348e-01
2.919000739420000157e-01,3.785611689090728760e-01
4.791936851309999690e-01,5.808850526809692383e-01
6.342780601680000352e-01,6.786368489265441895e-01
4.325832039670000073e-01,4.623613953590393066e-01
3.251932747729999740e-01,3.805511593818664551e-01
4.006062459590000180e-01,3.646693825721740723e-01
3.338649921990000102e-01,3.070719838142395020e-01
3.213219723510000181e-01,5.030130743980407715e-01
5.318433980740000511e-01,4.614440798759460449e-01
-1.730433469729999729e-01,4.842894375324249268e-01
8.086415212669999519e-01,4.689003825187683105e-01
4.277827889639999603e-01,3.890505731105804443e-01
6.780237775390001165e-01,5.704188346862792969e-01
1.907816546720000062e-01,3.523831069469451904e-01
1.284502015009999942e+00,7.424068450927734375e-01
3.484985153560000160e-01,4.108082652091979980e-01
1.291505201089999944e-01,4.377882480621337891e-01
3.824111245750000387e-01,3.414143621921539307e-01
5.469414775209999746e-01,5.892559289932250977e-01
6.358265811370000797e-01,4.598088860511779785e-01
4.061034953989999807e-01,2.824273109436035156e-01
4.830649875540000138e-01,4.913823902606964111e-01
4.587532083420000073e-01,3.274351954460144043e-01
1.406870013279999942e-01,3.498279452323913574e-01
3.602672747189999969e-01,4.539306461811065674e-01
1.490490145599999705e-01,4.350061416625976562e-01
1.735930719169999914e-01,4.436985552310943604e-01
1.310087452720000156e-01,3.576173782348632812e-01
4.731544533529999930e-01,4.920732080936431885e-01
5.924679940070000095e-01,5.309762954711914062e-01
2.346047980919999942e-01,3.853846490383148193e-01
1.241178269610000023e-01,3.527904748916625977e-01
1.291505201089999944e-01,6.350776553153991699e-01
4.513203076910000111e-01,4.641119837760925293e-01
5.616524267260000203e-01,5.702325701713562012e-01
2.637944183559999822e-01,4.265487492084503174e-01
6.414786826730000113e-01,4.050906300544738770e-01
6.036947710320000882e-01,3.905036747455596924e-01
3.381234248639999884e-01,3.555329144001007080e-01
4.983179190979999951e-01,4.563186466693878174e-01
4.325832039670000073e-01,4.081688821315765381e-01
6.105082632949999644e-01,5.092369914054870605e-01
3.808626036059999942e-01,4.881513118743896484e-01
3.680873056119999820e-01,4.326696991920471191e-01
2.390180828540000024e-01,3.414779603481292725e-01
8.258301040219999667e-01,4.485713541507720947e-01
4.418743297809999970e-01,3.929672539234161377e-01
3.983608905539999800e-01,4.863362312316894531e-01
4.219758353299999931e-01,4.951053857803344727e-01
6.239029696760000077e-01,3.962098360061645508e-01
6.873149033529999397e-01,3.896278738975524902e-01
6.168571992679999783e-01,5.102162957191467285e-01
-4.428382840839999862e-02,3.103555738925933838e-01
4.974662325649999994e-01,3.671057820320129395e-01
1.147922465559999994e+00,5.872237682342529297e-01
4.510106034969999511e-01,4.170856773853302002e-01
5.367212391260000048e-01,3.750583529472351074e-01
4.630890670549999699e-01,5.551113486289978027e-01
1.886137253159999860e-01,2.370088994503021240e-01
4.166334379880000105e-01,3.697787821292877197e-01
1.627534251349999905e-01,6.181208491325378418e-01
3.894917367049999940e-02,3.660567998886108398e-01
3.274386301780000119e-01,3.459727764129638672e-01
2.124609482369999858e-01,3.661820888519287109e-01
1.270600168009999864e-01,4.196470975875854492e-01
3.765267448929999761e-01,5.244436860084533691e-01
2.972424712849999762e-01,4.053686261177062988e-01
3.824111245750000387e-01,3.838669359683990479e-01
6.564219100229999881e-01,7.786322832107543945e-01
3.316970628429999901e-01,3.726540505886077881e-01
4.009159501529999670e-01,4.216116964817047119e-01
4.604565814079999986e-01,3.720798790454864502e-01
1.140524406629999932e-01,4.054325222969055176e-01
6.540991285699999658e-01,5.743620395660400391e-01
5.828671639999999377e-01,5.365197658538818359e-01
3.586413277019999679e-01,3.668656349182128906e-01
1.487435687989999922e+00,4.793127477169036865e-01
3.783849700550000472e-01,5.103951692581176758e-01
5.609555922899999159e-01,6.122084259986877441e-01
6.619965855110000463e-01,4.377322793006896973e-01
4.649472922180000189e-01,5.537918210029602051e-01
2.596908377890000397e-01,3.902816176414489746e-01
1.183108733269999935e-01,3.953324556350708008e-01
3.227156412230000049e-01,3.594249188899993896e-01
4.857748992490000250e-01,4.748712182044982910e-01
-1.184231410970000044e-02,2.517097592353820801e-01
4.355253938080000387e-01,5.841184854507446289e-01
5.337016232369999891e-01,4.846442639827728271e-01
3.680873056119999820e-01,5.237939953804016113e-01
1.700314736890000122e-01,4.649999141693115234e-01
3.818691422359999921e-01,3.789376616477966309e-01
3.268966478390000208e-01,4.711664617061614990e-01
2.090890438269999915e-02,3.255149722099304199e-01
6.412464045279999691e-01,5.709316134452819824e-01
8.386054020150000010e-01,7.171562910079956055e-01
4.771806078719999511e-01,3.935615420341491699e-01
6.798820027019999435e-01,3.680196106433868408e-01
4.610759897950000297e-01,4.322307407855987549e-01
2.219069261469999998e-01,3.496809601783752441e-01
9.994967306850000011e-01,4.059596657752990723e-01
3.675453232729999908e-01,3.235581219196319580e-01
1.341874716910000043e+00,1.204875946044921875e+00
5.199972126619999413e-01,4.014826714992523193e-01
7.276538745930000163e-01,6.233983635902404785e-01
2.989458443499999896e-01,3.556341826915740967e-01
6.564219100229999881e-01,5.257947444915771484e-01
7.778259539859999627e-01,6.022820472717285156e-01
3.416075970440000109e-01,3.446236252784729004e-01
4.030064534610000027e-01,3.496525883674621582e-01
6.007525811909999458e-01,3.978509604930877686e-01
7.851040025399999012e-01,6.153425574302673340e-01
5.993589123189999590e-01,5.962651968002319336e-01
4.557335924530000471e-01,4.156509637832641602e-01
3.647579855290000173e-01,4.614227414131164551e-01
1.412564699140000046e+00,1.206874489784240723e+00
2.606199503699999642e-01,3.565192818641662598e-01
5.472511817149999791e-01,3.809590339660644531e-01
3.251932747729999740e-01,3.767995834350585938e-01
3.381234248639999884e-01,4.250512719154357910e-01
4.615405460859999809e-01,3.008149266242980957e-01
-4.041252598609999802e-02,4.335979223251342773e-01
5.890612478760000048e-01,4.239547252655029297e-01
2.619361931929999887e-01,3.687094449996948242e-01
4.764063473870000509e-01,4.809738099575042725e-01
5.504256497010000526e-01,4.341986775398254395e-01
4.240663386379999733e-01,5.214331746101379395e-01
3.111791600050000106e-01,3.955607414245605469e-01
2.366178753519999900e-01,3.878227174282073975e-01
1.162977960679999895e-01,4.147408008575439453e-01
4.297184401749999938e-01,4.704052209854125977e-01
8.052347751350000804e-01,3.742596507072448730e-01
6.564219100229999881e-01,6.815481781959533691e-01
6.316455745210000083e-01,5.298920273780822754e-01
6.009074332880000036e-01,4.170627593994140625e-01
2.317400343000000085e-01,3.438215255737304688e-01
4.094328154819999455e-01,5.615484118461608887e-01
8.025248634399999581e-01,3.938385546207427979e-01
3.827982548170000276e-01,3.131510913372039795e-01
3.765267448929999761e-01,5.273581147193908691e-01
4.188787933919999595e-01,4.054676890373229980e-01
7.552175478399999475e-01,7.738290429115295410e-01
5.091575658799999404e-01,3.181891143321990967e-01
4.634761972970000143e-01,4.896016418933868408e-01
5.186035437899999545e-01,4.207791984081268311e-01
5.473286077640000524e-01,4.018372297286987305e-01
4.729996012560000462e-01,4.796161055564880371e-01
7.207629562809999557e-01,5.847861766815185547e-01
4.240663386379999733e-01,4.138157963752746582e-01
7.065165633670000833e-01,5.662009119987487793e-01
2.648009569860000356e-01,3.773585259914398193e-01
7.772065455979999538e-01,3.974220454692840576e-01
6.205736495929999874e-01,4.683532118797302246e-01
4.729221752070000284e-01,4.957114160060882568e-01
4.696702811729999705e-01,4.088501334190368652e-01
3.539183387470000164e-01,5.924774408340454102e-01
3.381234248639999884e-01,4.254478514194488525e-01
5.759762456879999881e-01,4.380579292774200439e-01
2.960810805579999760e-01,4.291589260101318359e-01
6.443434464660000582e-01,4.553533792495727539e-01
3.369620341369999883e-01,3.602260351181030273e-01
4.219758353299999931e-01,4.084035456180572510e-01
3.014234779009999921e-01,4.995167255401611328e-01
5.131062943509999696e-01,3.504303693771362305e-01
5.217005857280000436e-01,4.822412431240081787e-01
3.656870981099999973e-01,4.393744468688964844e-01
5.347081618669999870e-01,4.845215976238250732e-01
3.714940517440000201e-01,3.690234124660491943e-01
2.658074956159999780e-01,5.144946575164794922e-01
4.542624975320000424e-01,3.478450775146484375e-01
4.493072304319999932e-01,4.998365938663482666e-01
5.354824223509999648e-01,4.213144779205322266e-01
3.529892261650000029e-01,4.405229985713958740e-01
5.689304752800000697e-01,4.222633242607116699e-01
6.375299542019999821e-01,4.145417511463165283e-01
3.495050539850000360e-01,3.391616046428680420e-01
7.244019805580000915e-01,4.492359161376953125e-01
4.033935837030000471e-01,3.752645254135131836e-01
3.680873056119999820e-01,4.272709786891937256e-01
2.858608421630000063e-01,5.015528202056884766e-01
3.363426257500000127e-01,3.732460439205169678e-01
5.316885459779999712e-01,6.013305783271789551e-01
5.942487931209999852e-01,4.494824707508087158e-01
3.934830495019999708e-01,5.713796615600585938e-01
4.895687756229999410e-01,4.988519549369812012e-01
5.206166210499999503e-01,3.282784223556518555e-01
4.294861620289999737e-01,4.293124675750732422e-01
2.912806655540000067e-01,4.077674150466918945e-01
1.669344317510000064e-01,4.956949353218078613e-01
3.161344271050000043e-01,4.826199412345886230e-01
2.936808730559999914e-01,4.978577494621276855e-01
5.688530492309999964e-01,5.037669539451599121e-01
4.808196321490000313e-01,4.514390528202056885e-01
3.599575705250000479e-01,2.985433936119079590e-01
1.799420078900000053e-01,4.046466648578643799e-01
4.605340074559999830e-01,3.838996887207031250e-01
3.824111245750000387e-01,4.273369610309600830e-01
7.652055080890000083e-01,5.984889268875122070e-01
5.688530492309999964e-01,4.150218665599822998e-01
3.737394071490000025e-01,4.363811016082763672e-01
4.258471377530000379e-01,4.726164042949676514e-01
2.762600121559999899e-01,3.288636505603790283e-01
2.491608951999999821e-01,4.623707830905914307e-01
7.148011505509999086e-01,4.580902159214019775e-01
1.316281536599999968e-01,3.528139591217041016e-01
5.604910359989999646e-01,4.025289416313171387e-01
-4.606462752259999488e-02,2.539942264556884766e-01
4.910398705439999456e-01,4.327543377876281738e-01
4.391644180850000079e-01,4.421145319938659668e-01
2.836154867579999683e-01,3.103883266448974609e-01
3.009589216099999853e-01,3.607318103313446045e-01
4.605340074559999830e-01,4.202959239482879639e-01
1.777740785330000073e-01,4.795680940151214600e-01
1.306216150299999990e-01,2.999105751514434814e-01
7.332285500810000745e-01,4.599798023700714111e-01
7.398097641990000195e-01,4.656099379062652588e-01
2.285655663129999848e-01,4.813299179077148438e-01
5.686207710859999542e-01,4.492640495300292969e-01
3.402139281719999686e-01,3.013694882392883301e-01
4.510106034969999511e-01,3.193329870700836182e-01
1.735930719169999914e-01,4.443253874778747559e-01
3.278257604210000342e-01,3.812202215194702148e-01
1.591144008579999936e-01,3.741907477378845215e-01
4.829875615049999960e-01,5.005879998207092285e-01
3.093983608909999794e-01,3.979175984859466553e-01
5.246427755690000749e-01,4.219775795936584473e-01
1.269825907530000020e-01,3.191047906875610352e-01
5.688530492309999964e-01,5.165790319442749023e-01
1.740576282079999981e-01,3.215153217315673828e-01
4.270859545279999669e-01,3.294757008552551270e-01
3.393622416390000285e-01,4.016857743263244629e-01
1.728188114330000136e-01,4.457044899463653564e-01
5.362566828360000315e-01,4.283366501331329346e-01
4.590629125360000118e-01,3.095118701457977295e-01
4.527139765629999979e-01,3.924286365509033203e-01
9.738687086499999701e-01,6.754655241966247559e-01
8.251332695859999733e-01,8.317719101905822754e-01
3.646805594810000328e-01,4.228458404541015625e-01
4.219758353299999931e-01,4.064557850360870361e-01
4.615405460859999809e-01,1.593928635120391846e-01
5.688530492309999964e-01,6.036136746406555176e-01
4.066454777380000274e-01,4.481922686100006104e-01
-2.061042696590000001e-01,4.711378812789916992e-01
6.050884399039999639e-01,5.617361068725585938e-01
1.025976439249999927e+00,9.055920839309692383e-01
4.557335924530000471e-01,4.196556806564331055e-01
4.363770803410000343e-01,4.584690928459167480e-01
1.180785951820000068e-01,3.485103845596313477e-01
4.647924401210000167e-01,4.190910756587982178e-01
3.120308465380000063e-01,3.170835673809051514e-01
4.870911420729999719e-01,4.463293254375457764e-01
3.919345285329999817e-01,4.140911698341369629e-01
7.340028105660000302e-01,5.274283289909362793e-01
3.427689877709999555e-01,4.132430553436279297e-01
6.928121527930000134e-01,5.293809175491333008e-01
3.316970628429999901e-01,3.745908141136169434e-01
6.062498306310000196e-01,4.499318599700927734e-01
5.201520647589999991e-01,3.900165259838104248e-01
6.296324972610000126e-01,6.272736787796020508e-01
3.564733983450000254e-01,3.783228099346160889e-01
4.423388860710000259e-01,4.404582977294921875e-01
4.792711111799999868e-01,4.239361286163330078e-01
4.626245107639999632e-01,5.945241451263427734e-01
3.334778619570000213e-01,5.822567343711853027e-01
7.031872432840000631e-01,3.620430231094360352e-01
4.526365505150000135e-01,4.050626158714294434e-01
2.284107142170000160e-01,4.249773323535919189e-01
3.640611510930000239e-01,4.050703048706054688e-01
1.728188114330000136e-01,3.540494740009307861e-01
3.161344271050000043e-01,4.056458473205566406e-01
1.413571237770000044e+00,6.652165651321411133e-01
1.361231229020000155e+00,7.174920439720153809e-01
8.499870311370000264e-01,4.473669528961181641e-01
3.300711158249999833e-01,3.787398338317871094e-01
1.887685774120000104e-01,3.253147900104522705e-01
2.768794205429999655e-01,4.591033160686492920e-01
6.712102852760000182e-01,6.738787293434143066e-01
5.517418925249999440e-01,4.105664491653442383e-01
5.087278513109999567e-02,3.662555813789367676e-01
1.823422153920000177e-01,3.854221403598785400e-01
6.414012566250000269e-01,3.686398863792419434e-01
7.852588546359999810e-01,5.342775583267211914e-01
1.455996841020000196e-02,3.995477259159088135e-01
2.597682638369999686e-01,3.958931565284729004e-01
5.738857423800000079e-01,4.246264100074768066e-01
7.498751504970000425e-01,7.007704377174377441e-01
3.015783299979999943e-01,4.353295862674713135e-01
3.515181312449999762e-01,4.416873455047607422e-01
7.861105411689999212e-01,5.391169786453247070e-01
4.438099809920000305e-01,3.410074710845947266e-01
3.371943122820000305e-01,4.094643890857696533e-01
3.920893806299999840e-01,5.051566362380981445e-01
4.339768728389999941e-01,4.717934727668762207e-01
1.607403478749999948e-01,3.625975847244262695e-01
5.322305283170000179e-01,5.836380720138549805e-01
5.271204091189999330e-01,3.907369971275329590e-01
5.171324488699999833e-01,4.278463721275329590e-01
5.028086299070000376e-01,4.168763458728790283e-01
5.126417380600000184e-01,4.502702057361602783e-01
4.208144446040000264e-01,3.850637674331665039e-01
-1.746692939909999798e-01,4.340195357799530029e-01
4.842263782800000360e-01,5.185073614120483398e-01
6.907216494850000332e-01,8.043854236602783203e-01
5.337016232369999891e-01,4.662963747978210449e-01
5.059830978939999779e-01,3.236784338951110840e-01
3.323938972789999835e-01,4.559018611907958984e-01
1.196004041639999960e+00,5.506953597068786621e-01
3.025848686270000143e-01,4.693883359432220459e-01
3.522923917290000095e-01,3.942021131515502930e-01
4.744706961760000175e-01,3.899238705635070801e-01
4.116781708869999834e-01,3.937476873397827148e-01
3.810948817509999809e-01,3.810116350650787354e-01
4.596048948749999474e-01,3.120648562908172607e-01
4.325832039670000073e-01,3.666974902153015137e-01
4.512428816430000267e-01,4.410995841026306152e-01
4.044001223329999894e-01,4.476714432239532471e-01
5.153516497560000076e-01,7.101100683212280273e-01
3.984383166029999979e-01,4.366024434566497803e-01
4.496169346249999643e-01,4.848953485488891602e-01
1.411515576190000010e-01,3.570171296596527100e-01
1.527654648850000074e-01,5.137774348258972168e-01
2.623233234360000110e-01,3.892107903957366943e-01
3.954961267620000220e-01,3.760171234607696533e-01
7.571531990509999810e-01,5.354563593864440918e-01
4.363770803410000343e-01,5.358033180236816406e-01
2.580648907710000328e-01,1.748635470867156982e-01
2.626330276289999821e-01,3.005152940750122070e-01
7.325317156450000811e-01,6.603358983993530273e-01
3.654548199650000107e-01,2.787585258483886719e-01
5.302948771059999844e-01,3.502411246299743652e-01
3.647579855290000173e-01,3.732073903083801270e-01
4.315766653379999873e-01,4.526253342628479004e-01
6.859212344809999529e-01,5.870508551597595215e-01
4.236792083959999844e-01,4.222719967365264893e-01
5.689304752800000697e-01,6.106146574020385742e-01
5.496513892169999638e-01,3.736978173255920410e-01
3.596478663319999658e-01,3.777522742748260498e-01
5.862739101320000312e-01,3.916157186031341553e-01
5.289786342819999820e-01,3.406303524971008301e-01
-3.236021694780000235e-02,5.745003223419189453e-01
5.477931640540000258e-01,4.767956435680389404e-01
7.089941969180000303e-01,4.690990746021270752e-01
4.650247182660000034e-01,4.302016496658325195e-01
5.151193716100000985e-01,3.861559331417083740e-01
4.497717867220000221e-01,3.974213302135467529e-01
4.364545063899999966e-01,3.555539250373840332e-01
1.019739771050000021e-01,4.089812934398651123e-01
5.037377424889999400e-01,4.797053337097167969e-01
5.023440736169999532e-01,4.298042058944702148e-01
2.218295000989999877e-01,5.462025403976440430e-01
2.540387362520000192e-01,3.820945918560028076e-01
3.321616191339999968e-01,4.038275182247161865e-01
4.908075923979999811e-01,3.923259377479553223e-01
3.131148112159999886e-01,3.617715239524841309e-01
5.319982501709999978e-01,3.479646444320678711e-01
3.056819105649999924e-01,3.432117104530334473e-01
2.597682638369999686e-01,3.501552939414978027e-01
3.923990848239999885e-01,3.962079882621765137e-01
5.535226916390000307e-01,5.549510717391967773e-01
9.891216401929999735e-01,6.059682369232177734e-01
4.160914556480000415e-01,3.716282844543457031e-01
5.825574598060000442e-01,5.927992463111877441e-01
2.694465198930000027e-01,5.214115381240844727e-01
6.405495700919999758e-01,5.817658901214599609e-01
2.367727274489999922e-01,3.457499146461486816e-01
4.608437116499999875e-01,5.539930462837219238e-01
5.103963826549999805e-01,4.197622537612915039e-01
2.391729349509999769e-01,4.003099799156188965e-01
7.433713624269999709e-01,4.205510318279266357e-01
7.819295345530000718e-01,4.730883240699768066e-01
5.219328638729999748e-01,3.958931565284729004e-01
1.162203700189999994e-01,4.148820638656616211e-01
3.235673277560000005e-01,4.740000367164611816e-01
4.781097204529999867e-01,4.932218790054321289e-01
5.362566828360000315e-01,5.212873816490173340e-01
5.401279852579999874e-01,4.278868138790130615e-01
3.329358796180000302e-01,3.155210912227630615e-01
6.935089872290000068e-01,4.752127230167388916e-01
5.071444886199999447e-01,4.580810368061065674e-01
8.991525718999999750e-01,6.728329062461853027e-01
3.701003828719999778e-01,4.080361723899841309e-01
5.098544003159999338e-01,3.710263371467590332e-01
4.068003298349999741e-01,4.376465678215026855e-01
3.302259679219999855e-01,3.003821671009063721e-01
6.930444309379999446e-01,6.155510544776916504e-01
3.440078045459999956e-01,4.706835448741912842e-01
-4.141906461589999616e-02,3.973580300807952881e-01
4.046324004779999761e-01,5.219879150390625000e-01
5.429153230019999610e-01,4.232335090637207031e-01
1.105682684830000123e-01,3.665034770965576172e-01
4.664183871379999902e-01,4.258549809455871582e-01
6.170894774130000204e-01,4.476061463356018066e-01
4.314218132410000406e-01,7.597981095314025879e-01
3.156698708150000310e-01,3.603172302246093750e-01
4.189562194409999774e-01,4.159485697746276855e-01
3.602672747189999969e-01,4.700033366680145264e-01
5.128740162049999496e-01,4.380507469177246094e-01
5.688530492309999964e-01,5.123247504234313965e-01
9.937672030999999961e-01,6.973481178283691406e-01
4.935949301420000102e-01,5.446112155914306641e-01
3.298388376800000521e-01,3.742474913597106934e-01
4.829875615049999960e-01,4.517442584037780762e-01
1.105682684830000123e-01,3.104306161403656006e-01
3.720360340829999557e-01,4.106452167034149170e-01
3.720360340829999557e-01,4.198427200317382812e-01
3.984383166029999979e-01,3.973295688629150391e-01
7.119363867589999506e-01,1.202801942825317383e+00
4.983179190979999951e-01,3.812209963798522949e-01
1.672441359449999831e-01,4.093327224254608154e-01
4.908850184469999989e-01,3.459131121635437012e-01
4.325832039670000073e-01,4.083710312843322754e-01
2.383212484180000090e-01,3.869569897651672363e-01
5.082284532990000159e-01,3.422817587852478027e-01
8.037636802150001092e-01,4.489807486534118652e-01
4.110587624989999744e-01,4.418768286705017090e-01
5.328499367040000489e-01,3.804132342338562012e-01
2.490060431030000077e-01,4.003795981407165527e-01
1.969757385480000178e-01,5.496625900268554688e-01
5.774473406090000482e-01,4.724829792976379395e-01
3.181475043650000001e-01,2.414754629135131836e-01
3.596478663319999658e-01,4.247110188007354736e-01
3.338649921990000102e-01,4.358328878879547119e-01
5.992040602220000123e-01,4.882028698921203613e-01
8.797960597880000178e-01,7.956935763359069824e-01
4.572821134210000027e-01,4.164792299270629883e-01
6.225093008040000209e-01,7.714602351188659668e-01
2.116092617040000179e-01,4.304124414920806885e-01
4.067229037870000452e-01,3.664402961730957031e-01
5.950230536060000519e-01,3.163008689880371094e-01
5.042797248279999867e-01,7.487074732780456543e-01
4.068003298349999741e-01,3.896941244602203369e-01
4.081939987070000164e-01,2.660399079322814941e-01
5.289786342819999820e-01,4.597902595996856689e-01
3.148956103300000198e-01,3.763353824615478516e-01
4.940594864329999614e-01,4.139417111873626709e-01
2.407988819680000059e-01,4.113799333572387695e-01
4.059486433020000340e-01,4.351891279220581055e-01
2.075831071850000042e-01,3.473126888275146484e-01
2.652655132769999868e-01,4.473193287849426270e-01
5.678465106019999764e-01,5.749447941780090332e-01
2.644138267439999912e-01,2.761243581771850586e-01
5.688530492309999964e-01,6.104506254196166992e-01
3.680873056119999820e-01,4.723097383975982666e-01
1.650762065880000129e-01,6.029067039489746094e-01
6.988513845710000449e-01,5.247070193290710449e-01
3.625900561729999416e-01,4.672349095344543457e-01
2.599231159340000263e-01,4.328677058219909668e-01
4.644827359269999567e-01,4.595073759555816650e-01
4.608437116499999875e-01,5.667457580566406250e-01
4.116781708869999834e-01,3.979219794273376465e-01
4.486878220440000398e-01,5.568721294403076172e-01
2.950319576009999972e-02,3.949510753154754639e-01
4.606114335050000008e-01,5.631097555160522461e-01
2.461412793109999941e-01,4.607730507850646973e-01
3.032042770149999678e-01,5.980709791183471680e-01
1.542365598059999843e-01,3.580716252326965332e-01
8.993074239970000328e-01,7.486900091171264648e-01
-3.683118411529999747e-01,3.896151781082153320e-01
3.278257604210000342e-01,3.075096607208251953e-01
1.783160608719999984e-01,4.248801171779632568e-01
8.019828811010000225e-01,5.703123211860656738e-01
1.759158533709999916e-01,3.427603840827941895e-01
2.829960783709999927e-01,2.963646054267883301e-01
5.752019852040000103e-01,4.233149886131286621e-01
1.272036421210000157e+00,8.183455467224121094e-01
4.558110185010000315e-01,3.763653934001922607e-01
3.416850230919999398e-01,4.255717694759368896e-01
6.806562631870000102e-01,4.491072297096252441e-01
4.092779633849999987e-01,4.490897357463836670e-01
4.380030273580000078e-01,5.145303010940551758e-01
5.240233671809999549e-01,3.681970834732055664e-01
4.363770803410000343e-01,2.530644536018371582e-01
3.001846611260000075e-01,4.593692719936370850e-01
5.547615084139999597e-01,3.404060602188110352e-01
2.890353101489999688e-01,3.754957318305969238e-01
5.604910359989999646e-01,3.807123303413391113e-01
4.683540383489999681e-01,5.797369480133056641e-01
4.870137160239999541e-01,4.835441410541534424e-01
5.923131419100000628e-01,4.378322660923004150e-01
4.387772878430000190e-01,4.077447652816772461e-01
5.289786342819999820e-01,3.969613909721374512e-01
5.155839279010000498e-01,5.225970149040222168e-01
2.943777074920000403e-01,4.528790712356567383e-01
3.980511863610000090e-01,3.718342781066894531e-01
7.192918613609999845e-01,5.858039855957031250e-01
4.796582414220000312e-01,4.708929061889648438e-01
4.346737072749999875e-01,4.012410044670104980e-01
6.132181749909999535e-01,5.149859189987182617e-01
4.991696056300000128e-01,4.635051488876342773e-01
5.285915040399999931e-01,4.220516681671142578e-01
3.103274734720000150e-01,3.510568737983703613e-01
1.451974557800000065e+00,6.493941545486450195e-01
3.419947272860000553e-01,3.470484614372253418e-01
6.719071197120000116e-01,3.833678960800170898e-01
4.977759367580000260e-01,5.104357004165649414e-01
1.194920076960000133e+00,7.259083986282348633e-01
4.524816984179999557e-01,3.074600100517272949e-01
5.074541928140000602e-01,3.861360549926757812e-01
4.651021443139999878e-01,4.793105423450469971e-01
5.636655039860000160e-01,3.996914327144622803e-01
3.851984623190000123e-01,4.087908267974853516e-01
3.663065064980000063e-01,4.172323346138000488e-01
4.364545063899999966e-01,4.673999845981597900e-01
2.983264359629999585e-01,3.414143621921539307e-01
5.723372214109999634e-01,4.771036207675933838e-01
3.179152262199999579e-01,4.313158690929412842e-01
5.362566828360000315e-01,4.771750867366790771e-01
4.377707492130000211e-01,3.988237679004669189e-01
3.210896942060000314e-01,3.973009586334228516e-01
3.554668597160000609e-01,5.031760931015014648e-01
2.953842461219999826e-01,4.666969478130340576e-01
5.425281927599999721e-01,5.448285937309265137e-01
4.542624975320000424e-01,3.679226636886596680e-01
4.975436586129999839e-01,4.757197797298431396e-01
4.650247182660000034e-01,4.575747847557067871e-01
6.723716760029999628e-01,4.620672762393951416e-01
5.271204091189999330e-01,4.730365574359893799e-01
4.911172965919999855e-01,3.153397440910339355e-01
6.271897054330000110e-02,3.266435265541076660e-01
5.189906740320000544e-01,4.411321282386779785e-01
5.023440736169999532e-01,4.712225794792175293e-01
5.957198880420000453e-01,4.316987097263336182e-01
7.083747885300000213e-01,3.869384527206420898e-01
-4.606849882509999640e-04,3.380112648010253906e-01
2.865576765989999997e-01,4.508548080921173096e-01
-2.164058054050000107e-03,4.209928810596466064e-01
4.781097204529999867e-01,3.493592143058776855e-01
4.479135615600000064e-01,5.118353366851806641e-01
3.625900561729999416e-01,3.105506598949432373e-01
1.735930719169999914e-01,3.785223960876464844e-01
4.564304268890000404e-01,4.243757724761962891e-01
4.830649875540000138e-01,5.573326945304870605e-01
4.758643650480000042e-01,8.323663473129272461e-01
1.678635443320000142e-01,3.920282423496246338e-01
4.285570494479999937e-01,4.461672306060791016e-01
4.871685681210000118e-01,3.632296621799468994e-01
1.759158533709999916e-01,3.158530592918395996e-01
-1.746692939909999798e-01,3.880446255207061768e-01
2.704530585220000227e-01,4.108642935752868652e-01
4.088134070950000254e-01,3.315093815326690674e-01
7.803035875360000428e-01,5.797585844993591309e-01
1.439508964000000057e+00,1.236455440521240234e+00
6.681906693870000025e-01,5.901253223419189453e-01
5.055959676510000111e-01,6.510272622108459473e-01
4.523268463210000090e-01,5.544617176055908203e-01
4.940594864329999614e-01,5.074405670166015625e-01
5.961070182840000342e-01,4.209856092929840088e-01
4.925109654640000278e-01,4.537058174610137939e-01
5.608781662409999536e-01,3.783974051475524902e-01
5.396982706890000175e-02,2.975381612777709961e-01
6.866954949650000417e-01,3.825277090072631836e-01
2.728532660240000074e-01,4.091218113899230957e-01
4.661861089930000035e-01,3.869571983814239502e-01
4.478361355109999886e-01,4.783924221992492676e-01
3.596478663319999658e-01,3.138650953769683838e-01
3.298388376800000521e-01,3.945291638374328613e-01
-1.319301152490000018e-01,3.796721696853637695e-01
3.686292879510000287e-01,4.357530176639556885e-01
5.604910359989999646e-01,3.989394307136535645e-01
5.621944090649999559e-01,4.071791768074035645e-01
5.517418925249999440e-01,5.292330980300903320e-01
3.592607360890000545e-01,3.909734189510345459e-01
2.359984669640000088e-01,4.491474330425262451e-01
2.959262284609999738e-01,2.481475472450256348e-01
6.312584442780000415e-01,4.809492826461791992e-01
2.238425773580000055e-01,3.721361160278320312e-01
-3.290219928689999684e-02,4.002583622932434082e-01
5.499610934109999683e-01,3.955696523189544678e-01
6.681906693870000025e-01,4.637865126132965088e-01
5.231716806489999927e-01,5.211062431335449219e-01
4.006062459590000180e-01,4.307065606117248535e-01
3.848887581250000078e-01,4.493186473846435547e-01
7.036517995749999033e-01,4.593175649642944336e-01
2.603102461760000153e-01,3.246161937713623047e-01
6.050884399039999639e-01,3.405659794807434082e-01
3.925539369210000462e-01,3.967611491680145264e-01
7.487137597699999869e-01,6.587684154510498047e-01
6.265354553230000345e-01,4.378468394279479980e-01
5.374954996109999605e-01,5.229022502899169922e-01
5.421410625179999832e-01,3.879640400409698486e-01
2.137771910599999825e-01,4.001177251338958740e-01
2.778859591730000189e-01,3.710204064846038818e-01
3.732748508579999958e-01,4.057161211967468262e-01
6.814305236709999880e-01,5.775660276412963867e-01
6.158506606379999804e-01,3.352044224739074707e-01
3.934830495019999708e-01,3.935879170894622803e-01
4.935949301420000102e-01,4.237451255321502686e-01
4.615405460859999809e-01,3.205329179763793945e-01
5.779893229479999839e-01,3.701223433017730713e-01
4.726124710140000018e-01,3.838694989681243896e-01
8.126676757860000766e-01,6.207566261291503906e-01
5.292109124270000242e-01,6.681632995605468750e-01
5.540646739779999663e-01,6.921049952507019043e-01
3.345618266350000036e-01,4.967529773712158203e-01
1.566367673079999967e-01,4.374947249889373779e-01
1.667021536059999920e-01,4.331771135330200195e-01
3.517504093900000184e-01,5.006146430969238281e-01
8.488256404100000818e-01,7.121689319610595703e-01
6.339683559740000307e-01,4.238268136978149414e-01
8.073252784430000606e-01,5.644564628601074219e-01
6.396204575110000512e-01,6.140862703323364258e-01
5.689304752800000697e-01,4.708936214447021484e-01
5.975006871560000210e-01,4.613752961158752441e-01
1.783160608719999984e-01,3.982322216033935547e-01
6.666421484179999579e-01,4.848132431507110596e-01
3.364974778459999816e-01,3.905122876167297363e-01
3.302259679219999855e-01,2.838872671127319336e-01
3.196185992850000268e-01,3.659571111202239990e-01
4.917367049800000500e-01,5.670707821846008301e-01
2.597682638369999686e-01,4.105388522148132324e-01
1.079787542920000121e+00,6.559642553329467773e-01
9.211415696579999812e-01,7.007704377174377441e-01
8.091835036059999986e-01,4.326047003269195557e-01
3.866695572389999835e-01,3.946424126625061035e-01
2.415731424520000115e-01,2.617000043392181396e-01
3.934830495019999708e-01,4.535052776336669922e-01
4.139235262919999658e-01,4.412966668605804443e-01
4.829101354570000115e-01,5.267904400825500488e-01
2.576777605289999884e-01,2.645214796066284180e-01
3.561636941519999988e-01,5.369903445243835449e-01
3.773010053769999539e-01,4.322249591350555420e-01
3.136567935550000352e-01,4.536843895912170410e-01
2.393277870470000013e-01,3.400115370750427246e-01
3.686292879510000287e-01,3.951560854911804199e-01
9.479309824200001788e-01,6.379288434982299805e-01
-1.172191660439999977e-01,4.353479146957397461e-01
1.593466790030000080e-01,4.549959599971771240e-01
2.749437693320000431e-01,4.234380722045898438e-01
3.238770319500000050e-01,3.658964037895202637e-01
4.681991862520000214e-01,3.269155919551849365e-01
4.983179190979999951e-01,4.290563464164733887e-01
5.329273627530000113e-01,6.555362939834594727e-01
3.042108156450000211e-01,4.109155535697937012e-01
2.506319901199999811e-01,4.156987071037292480e-01
3.846564799800000212e-01,5.352627038955688477e-01
4.091231112879999965e-01,4.488651454448699951e-01
4.452036498640000173e-01,3.056754469871520996e-01
4.890267932840000054e-01,4.129144847393035889e-01
2.970876191879999739e-01,3.814856410026550293e-01
4.901881840110000055e-01,5.658112168312072754e-01
3.534537824560000097e-01,4.676579236984252930e-01
-9.120401376639999946e-02,4.830371737480163574e-01
8.087963733640000097e-01,6.634758710861206055e-01
1.127791692960000036e+00,6.870929002761840820e-01
3.464080120470000024e-01,3.738123178482055664e-01
6.302519056490000215e-01,3.952418565750122070e-01
2.920549260390000179e-01,3.590039610862731934e-01
5.678465106019999764e-01,5.595651268959045410e-01
1.322475620470000002e-01,3.818062543869018555e-01
4.666506652830000323e-01,5.006130337715148926e-01
6.108953935369999533e-01,4.658778607845306396e-01
6.050884399039999639e-01,4.801226258277893066e-01
3.280580385660000209e-01,4.025607109069824219e-01
5.141902590290000630e-01,5.473628640174865723e-01
5.846053787880000491e-02,4.108515083789825439e-01
1.542365598059999843e-01,4.744300544261932373e-01
5.172873009669999300e-01,4.305055141448974609e-01
4.212015748460000153e-01,3.246161937713623047e-01
4.476038573659999464e-01,4.768757224082946777e-01
1.130811308850000030e+00,5.970954895019531250e-01
3.235673277560000005e-01,4.223837852478027344e-01
2.768794205429999655e-01,3.351400494575500488e-01
4.850780648129999761e-01,5.596849918365478516e-01
4.181819589559999661e-01,3.415745496749877930e-01
9.492820669660000099e-02,4.188337922096252441e-01
3.759073365050000226e-01,4.926139414310455322e-01
5.503482236529999572e-01,4.099333286285400391e-01
4.559658705979999782e-01,4.869331717491149902e-01
6.860760865780000106e-01,3.269146084785461426e-01
2.826863741769999883e-01,4.267741739749908447e-01
5.387343163860000006e-01,4.462541341781616211e-01
5.805443825470000263e-01,4.982123374938964844e-01
6.414786826730000113e-01,5.198572278022766113e-01
3.938701797449999931e-01,3.746097683906555176e-01
2.736275265089999631e-01,3.249326348304748535e-01
1.437840432660000001e-01,3.945974409580230713e-01
5.126417380600000184e-01,5.649310350418090820e-01
6.924250225499999356e-01,6.038722991943359375e-01
2.435087936630000172e-01,4.050633311271667480e-01
1.996082241950000169e-01,4.109352231025695801e-01
4.363770803410000343e-01,3.705323338508605957e-01
6.923475965019999512e-01,3.213468492031097412e-01
4.932852259489999835e-01,6.339750885963439941e-01
1.302697136399999955e+00,3.780403435230255127e-01
4.229049479119999511e-01,3.661676049232482910e-01
7.474749429950000579e-01,3.557683825492858887e-01
-2.670385697859999907e-01,1.881543397903442383e-01
1.306216150299999990e-01,4.559196233749389648e-01
6.983868282809999606e-01,4.883717596530914307e-01
7.536690268709999030e-01,5.714182853698730469e-01
7.031872432840000631e-01,6.485546827316284180e-01
1.162977960679999895e-01,3.679236173629760742e-01
3.596478663319999658e-01,3.114320039749145508e-01
3.598801444770000080e-01,4.787982404232025146e-01
5.110157910429999895e-01,3.584575653076171875e-01
4.591403385839999962e-01,4.295449554920196533e-01
2.875642152289999975e-01,3.684023022651672363e-01
6.061724045820000573e-01,4.650797843933105469e-01
5.124094599149999762e-01,3.588049411773681641e-01
4.983179190979999951e-01,4.412038326263427734e-01
7.952468148860000197e-01,5.481590032577514648e-01
1.542365598059999843e-01,3.266606032848358154e-01
4.201950362160000174e-01,4.881225824356079102e-01
8.068607221529999762e-01,3.622512221336364746e-01
3.033591291120000255e-01,3.929360806941986084e-01
2.931388907170000002e-01,3.879390954971313477e-01
1.455996841020000196e-02,4.909211695194244385e-01
3.870566874809999725e-01,3.051683306694030762e-01
2.447476104390000073e-01,3.628003001213073730e-01
6.361362853299999953e-01,5.366781353950500488e-01
1.105682684830000123e-01,5.631028413772583008e-01
3.801657691699999453e-01,4.307832121849060059e-01
2.800538885300000169e-01,4.578904807567596436e-01
4.091231112879999965e-01,3.998378217220306396e-01
4.078068684650000275e-01,5.878141522407531738e-01
3.554668597160000609e-01,5.135226845741271973e-01
4.983179190979999951e-01,3.937730789184570312e-01
3.180700783159999823e-01,4.242014288902282715e-01
4.319637955799999762e-01,4.002835452556610107e-01
6.682680954349999869e-01,6.018999814987182617e-01
2.983264359629999585e-01,3.397639393806457520e-01
4.016127845889999604e-01,3.371513783931732178e-01
-4.854226107289999481e-02,4.364901781082153320e-01
3.303033939710000033e-01,4.091621041297912598e-01
3.227156412230000049e-01,3.632448315620422363e-01
5.460897909880000345e-01,4.762076139450073242e-01
1.934141403190000053e-01,5.331922769546508789e-01
3.949541444229999754e-01,4.355714023113250732e-01
7.034969474779999565e-01,3.274599909782409668e-01
5.616524267260000203e-01,5.405417680740356445e-01
3.625900561729999416e-01,4.792101383209228516e-01
3.025848686270000143e-01,4.724245071411132812e-01
4.973888065160000371e-01,4.016297161579132080e-01
5.604910359989999646e-01,4.085248112678527832e-01
3.728877206160000068e-01,3.668656349182128906e-01
1.069489878479999989e+00,4.798451662063598633e-01
6.283936804860000835e-01,4.023508429527282715e-01
2.208229614689999898e-01,4.881646633148193359e-01
1.759158533709999916e-01,3.481330573558807373e-01
4.110587624989999744e-01,4.241629838943481445e-01
4.492298043829999754e-01,3.923046588897705078e-01
4.050969567689999828e-01,3.686240315437316895e-01
5.375729256589999450e-01,5.124840140342712402e-01
3.734297029550000535e-01,4.009240269660949707e-01
3.647579855290000173e-01,3.815765380859375000e-01
5.664528417299999896e-01,4.531331658363342285e-01
7.705479054320000243e-01,1.200684785842895508e+00
5.116351994300000205e-01,4.161520898342132568e-01
5.347081618669999870e-01,4.867056012153625488e-01
3.042108156450000211e-01,3.946084976196289062e-01
5.508127799440000194e-01,5.053500533103942871e-01
3.519826875360000384e-01,2.881726324558258057e-01
9.693005717910000429e-01,7.577717900276184082e-01
3.452466213210000356e-01,3.974213302135467529e-01
1.527654648850000074e-01,2.100653648376464844e-01
2.073508290390000119e-01,3.364383280277252197e-01
3.389751113970000396e-01,4.433064460754394531e-01
1.845875707959999945e-01,4.863873422145843506e-01
6.825144883490000813e-01,4.923165142536163330e-01
3.487307935010000581e-01,3.705906569957733154e-01
1.537840045530000088e+00,5.161547064781188965e-01
5.913840293289999162e-01,5.997763276100158691e-01
4.328154821130000274e-01,3.370892405509948730e-01
3.690164181939999954e-01,3.144229352474212646e-01
5.087278513109999567e-02,3.417814970016479492e-01
5.151193716100000985e-01,4.821262955665588379e-01
5.473286077640000524e-01,4.991133213043212891e-01
3.881406521599999881e-01,4.471347033977508545e-01
4.067229037870000452e-01,3.558130860328674316e-01
4.270085284790000046e-01,4.022859632968902588e-01
7.634247089749999216e-01,5.017258524894714355e-01
4.598371730199999896e-01,3.902816176414489746e-01
4.625470847160000343e-01,4.320295751094818115e-01
2.322045905900000096e-01,5.564758181571960449e-01
4.002191157169999736e-01,4.003399014472961426e-01
5.124094599149999762e-01,4.175156652927398682e-01
3.529892261650000029e-01,4.492540955543518066e-01
3.261998134030000274e-01,3.742434382438659668e-01
2.912032395059999668e-01,4.651136398315429688e-01
3.426141356740000088e-01,4.407027065753936768e-01
-8.020951488710000021e-02,3.151070475578308105e-01
2.891127361979999866e-01,3.582511544227600098e-01
2.771891247370000255e-01,3.691284954547882080e-01
2.506319901199999811e-01,4.350098371505737305e-01
4.280150671090000025e-01,4.071806967258453369e-01
3.586413277019999679e-01,4.424451589584350586e-01
6.043141794190000082e-01,6.878707408905029297e-01
4.980856409520000305e-01,5.378757119178771973e-01
4.391644180850000079e-01,4.245676100254058838e-01
4.346737072749999875e-01,4.145283699035644531e-01
2.366178753519999900e-01,3.903994858264923096e-01
-3.421844211049999973e-02,3.725546300411224365e-01
3.602672747189999969e-01,4.314919114112854004e-01
3.519052614869999651e-01,4.140789210796356201e-01
3.586413277019999679e-01,3.914814591407775879e-01
5.449284002619999567e-01,4.217645227909088135e-01
3.586413277019999679e-01,3.682464957237243652e-01
2.727758399760000230e-01,3.832762539386749268e-01
4.649472922180000189e-01,5.284079909324645996e-01
3.910054159520000017e-01,4.773626923561096191e-01
4.541850714840000025e-01,3.716214895248413086e-01
4.125298574199999790e-01,5.397793054580688477e-01
1.501449802759999841e+00,7.209127545356750488e-01
2.764922903009999766e-01,4.065780639648437500e-01
3.934830495019999708e-01,4.142863154411315918e-01
4.265439721890000313e-01,5.603645443916320801e-01
3.652999678679999529e-01,4.280231297016143799e-01
4.525591244659999957e-01,3.586047291755676270e-01
4.621599544730000120e-01,4.751780629158020020e-01
3.602672747189999969e-01,4.586364924907684326e-01
4.325832039670000073e-01,4.660125374794006348e-01
3.792366565879999873e-01,4.033987820148468018e-01
3.574799369749999678e-01,4.288006424903869629e-01
1.072509494369999983e+00,7.892322540283203125e-01
4.215887050880000042e-01,3.786652386188507080e-01
3.810948817509999809e-01,4.130592346191406250e-01
1.549333942420000054e-01,5.097173452377319336e-01
6.342780601680000352e-01,4.729709029197692871e-01
3.919345285329999817e-01,4.292148351669311523e-01
3.361877736530000105e-01,4.011194705963134766e-01
4.326606300159999696e-01,3.766347169876098633e-01
4.363770803410000343e-01,3.411115407943725586e-01
4.221306874270000509e-01,3.792861104011535645e-01
3.824111245750000387e-01,5.566141009330749512e-01
2.759503079619999855e-01,4.050154089927673340e-01
4.097425196760000055e-01,5.229867696762084961e-01
2.187324581610000096e-01,5.044134259223937988e-01
-2.856208214129999923e-01,4.297651648521423340e-01
3.476468288229999648e-01,4.173638224601745605e-01
4.832198396509999605e-01,4.414961934089660645e-01
3.620480738329999726e-01,4.659321904182434082e-01
4.346737072749999875e-01,5.354848504066467285e-01
4.019999148309999493e-01,2.950873970985412598e-01
1.091091746000000029e+00,5.474207997322082520e-01
3.607318310099999481e-01,4.144013524055480957e-01
5.837188505329999888e-01,6.122747659683227539e-01
2.512513985079999901e-01,3.701678514480590820e-01
4.108264843540000433e-01,3.666570782661437988e-01
3.971220737789999955e-01,4.082766771316528320e-01
6.712102852760000182e-01,6.100051403045654297e-01
1.248034346200000089e+00,5.282671451568603516e-01
2.366178753519999900e-01,3.975923061370849609e-01
4.294861620289999737e-01,5.076988935470581055e-01
4.940594864329999614e-01,2.830106616020202637e-01
5.369535172720000249e-01,4.348257184028625488e-01
2.695239459409999871e-01,4.014506936073303223e-01
3.910402576739999830e-02,3.297957181930541992e-01
-2.544181238889999808e-01,3.413471281528472900e-01
-1.155932190269999965e-01,3.367560505867004395e-01
4.395515483269999968e-01,4.441470503807067871e-01
7.309831946760000365e-01,4.835974574089050293e-01
3.811723077999999987e-01,3.755639791488647461e-01
2.992555485439999940e-01,4.465037882328033447e-01
3.498147581790000404e-01,3.018463253974914551e-01
4.148526388730000014e-01,1.886605322360992432e-01
5.662979896329999319e-01,5.885233283042907715e-01
3.471822725320000136e-01,5.439476370811462402e-01
2.367727274489999922e-01,5.052166581153869629e-01
4.242986167840000489e-01,4.878475666046142578e-01
5.163581883850000276e-01,3.861414194107055664e-01
4.804325019070000424e-01,4.928840994834899902e-01
8.501767249560000794e-02,3.299966752529144287e-01
2.235328731650000067e-01,5.310298800468444824e-01
5.072219146690000180e-01,3.225191831588745117e-01
8.483610841199999975e-01,7.215468883514404297e-01
3.032042770149999678e-01,5.860187411308288574e-01
6.482147488880000141e-01,4.706718325614929199e-01
4.979307888549999728e-01,4.133032858371734619e-01
5.425281927599999721e-01,3.959599435329437256e-01
3.783849700550000472e-01,4.568081498146057129e-01
4.110587624989999744e-01,3.792775273323059082e-01
3.919345285329999817e-01,3.426038920879364014e-01
3.766815969900000338e-01,4.634329676628112793e-01
2.351467804309999854e-01,4.087908267974853516e-01
4.983179190979999951e-01,4.233650565147399902e-01
3.893020428859999549e-01,4.117439091205596924e-01
4.723027668199999418e-01,3.804585635662078857e-01
1.322475620470000002e-01,5.152065157890319824e-01
3.087789525030000259e-01,3.276265263557434082e-01
4.124524313710000167e-01,3.751790523529052734e-01
5.638203560819999849e-01,9.322278499603271484e-01
6.825919143979999326e-01,5.734687447547912598e-01
2.983264359629999585e-01,4.264429509639739990e-01
6.789528901209999079e-01,3.815648555755615234e-01
1.669344317510000064e-01,4.934270083904266357e-01
6.642419409159999732e-01,6.817117333412170410e-01
3.986705947479999845e-01,3.843260109424591064e-01
4.068777558829999585e-01,3.871288895606994629e-01
-1.021210865970000048e-01,2.524645924568176270e-01
3.639062989959999661e-01,4.106111526489257812e-01
6.342780601680000352e-01,5.784988403320312500e-01
3.438529524490000489e-01,3.789207041263580322e-01
5.049765592639999801e-01,3.695236444473266602e-01
4.980856409520000305e-01,5.047778487205505371e-01
5.907994626630001106e-02,1.735759079456329346e-01
5.285915040399999931e-01,4.655165076255798340e-01
2.377366817520000161e-02,4.469179511070251465e-01
4.389321399399999657e-01,5.214900970458984375e-01
4.229823739599999910e-01,4.218723177909851074e-01
4.229049479119999511e-01,4.725733995437622070e-01
4.668055173800000346e-01,4.105313122272491455e-01
4.012256543469999714e-01,4.475125372409820557e-01
3.220188067870000115e-01,5.749727487564086914e-01
5.102415305580000338e-01,5.055359601974487305e-01
3.848887581250000078e-01,3.380126357078552246e-01
5.200746387110000146e-01,5.186626911163330078e-01
4.068003298349999741e-01,4.219680130481719971e-01
4.898784798170000565e-01,5.866049528121948242e-01
2.255459504239999968e-01,4.068336188793182373e-01
2.039440829080000073e-01,4.315488934516906738e-01
4.406355130060000125e-01,4.258659482002258301e-01
6.034624928859999571e-01,3.406431674957275391e-01
-1.013468261130000131e-01,3.341474831104278564e-01
5.589425150300000311e-01,3.356302380561828613e-01
2.959262284609999738e-01,2.387913167476654053e-01
2.889578841010000398e-01,2.923141717910766602e-01
3.438529524490000489e-01,4.488512575626373291e-01
4.294861620289999737e-01,3.436396121978759766e-01
2.190421623550000141e-01,4.786636829376220703e-01
5.621944090649999559e-01,3.816802203655242920e-01
4.729221752070000284e-01,3.850865066051483154e-01
3.286000209050000120e-01,4.270829558372497559e-01
5.499610934109999683e-01,4.159890711307525635e-01
2.718467273940000095e-01,4.462642669677734375e-01
3.992900031360000490e-01,4.882509112358093262e-01
5.158936320950000542e-01,4.205591678619384766e-01
6.553379453450000058e-01,4.275417923927307129e-01
2.922872041840000046e-01,3.229523897171020508e-01
2.388632307570000002e-01,2.860533595085144043e-01
7.364030180670000370e-01,7.612555027008056641e-01
2.881836236160000286e-01,3.809313774108886719e-01
4.006062459590000180e-01,3.548572063446044922e-01
7.289701174169999076e-01,4.157199859619140625e-01
6.316455745210000083e-01,4.122643768787384033e-01
9.918663936110000412e-02,3.640530705451965332e-01
4.065680516899999875e-01,4.220556914806365967e-01
6.417883868670000158e-01,6.437807083129882812e-01
3.958832570040000109e-01,3.205960988998413086e-01
5.458575128429999923e-01,5.544617176055908203e-01
4.996341619210000196e-01,3.925718367099761963e-01
3.954187007130000042e-01,3.637841641902923584e-01
3.124954028279999796e-01,4.320390820503234863e-01
1.845875707959999945e-01,5.847321748733520508e-01
6.520860513100000810e-01,3.805111050605773926e-01
2.613167848060000131e-01,3.221145570278167725e-01
2.578326126259999906e-01,4.222801327705383301e-01
1.498232750440000038e-01,3.723595738410949707e-01
5.145773892710000519e-01,4.247035384178161621e-01
3.502018884210000293e-01,3.852245807647705078e-01
1.049161669459999918e-01,4.113676548004150391e-01
5.597167755149999868e-01,4.324124455451965332e-01
2.284107142170000160e-01,4.522687494754791260e-01
-8.115759685029999559e-01,4.110180735588073730e-01
4.796582414220000312e-01,3.483139276504516602e-01
6.043916054679999705e-01,5.131831169128417969e-01
3.602672747189999969e-01,3.271307945251464844e-01
5.288237821850000353e-01,4.925479590892791748e-01
3.625900561729999416e-01,4.289120137691497803e-01
3.058367626619999946e-01,5.090600848197937012e-01
4.997115879699999819e-01,3.868822455406188965e-01
5.258815923440000040e-01,4.450373947620391846e-01
3.315422107459999879e-01,3.440623283386230469e-01
4.447390935730000106e-01,3.873544931411743164e-01
6.693520601139999471e-01,4.272756576538085938e-01
1.787806171630000052e-01,3.224411606788635254e-01
3.430012659159999977e-01,3.687036037445068359e-01
2.045634912950000106e-01,3.691464364528656006e-01
5.109383649940000272e-01,5.461967587471008301e-01
4.937497822389999569e-01,3.748582005500793457e-01
1.140524406629999932e-01,3.302183747291564941e-01
3.323938972789999835e-01,4.385499954223632812e-01
-4.289015953639999795e-02,4.152362048625946045e-01
3.748233718269999848e-01,4.060299694538116455e-01
3.954187007130000042e-01,3.957934379577636719e-01
4.853103429589999962e-01,3.846743702888488770e-01
5.037377424889999400e-01,3.652859628200531006e-01
4.366093584860000210e-01,3.853002488613128662e-01
5.628912435010000603e-01,4.365239441394805908e-01
1.108280328750000043e+00,4.567558467388153076e-01
-5.767853478950000362e-02,4.379498660564422607e-01
6.796497245569999013e-01,4.829185903072357178e-01
4.560432966460000181e-01,3.805731832981109619e-01
2.390180828540000024e-01,3.625088930130004883e-01
4.073423121740000208e-01,4.563157856464385986e-01
1.390343423240000043e+00,9.057537317276000977e-01
-6.549856568249999567e-02,3.740067481994628906e-01
4.108264843540000433e-01,4.403747022151947021e-01
7.089941969180000303e-01,4.061252176761627197e-01
1.455996841020000196e-02,3.544440865516662598e-01
-2.020781151400000142e-01,2.298251688480377197e-01
3.786946742490000517e-01,4.588980972766876221e-01
7.781356581789999893e-01,5.519074201583862305e-01
5.061379499910000357e-01,4.230991005897521973e-01
3.445497868850000422e-01,4.686604142189025879e-01
4.026193232190000137e-01,3.781619668006896973e-01
-6.069815067880000165e-02,3.128949105739593506e-01
5.074541928140000602e-01,4.038693010807037354e-01
6.728710740149999869e-02,4.147379994392395020e-01
5.517418925249999440e-01,4.254753887653350830e-01
5.251847579080000106e-01,3.955865800380706787e-01
2.762600121559999899e-01,2.860899567604064941e-01
4.358350980019999876e-01,5.732415914535522461e-01
7.768968414040000603e-01,4.698941707611083984e-01
2.125383742849999980e-01,3.955639004707336426e-01
1.977499990319999956e-01,3.979099392890930176e-01
3.995222812809999802e-01,4.104252755641937256e-01
2.390180828540000024e-01,4.488013982772827148e-01
4.589080604389999540e-01,4.777768552303314209e-01
4.125298574199999790e-01,4.831836521625518799e-01
5.224748462129999993e-01,4.632976651191711426e-01
2.893450143430000288e-01,4.473936259746551514e-01
4.446616675249999706e-01,3.973307907581329346e-01
2.639492704529999845e-01,6.732051968574523926e-01
3.687841400479999754e-01,3.709729313850402832e-01
4.769483297270000199e-01,3.906803131103515625e-01
4.579789478569999961e-01,4.315488934516906738e-01
3.687841400479999754e-01,3.933038115501403809e-01
8.190166117589999795e-01,6.113665103912353516e-01
3.440852305939999800e-01,2.028611600399017334e-01
4.699025593180000127e-01,4.669477343559265137e-01
3.584090495570000368e-01,5.798009037971496582e-01
2.597682638369999686e-01,3.627480268478393555e-01
4.802002237610000224e-01,5.059559345245361328e-01
2.303463654280000217e-01,4.990097582340240479e-01
3.219413807389999715e-01,3.965187072753906250e-01
3.920119545819999995e-01,2.558572590351104736e-01
7.618761880060000991e-01,3.614771962165832520e-01
1.636825377159999984e-01,2.326336801052093506e-01
3.711843475500000156e-01,3.816760480403900146e-01
1.405286650589999908e+00,4.972445964813232422e-01
3.830305329620000143e-01,4.564771950244903564e-01
1.273197811939999813e+00,4.137911796569824219e-01
2.908935353120000178e-01,4.469319880008697510e-01
7.004773315889999408e-01,4.517756998538970947e-01
7.707027575290000820e-01,5.792068243026733398e-01
4.910398705439999456e-01,5.797630548477172852e-01
4.746255482729999642e-01,4.883357286453247070e-01
4.611534158439999920e-01,4.090702235698699951e-01
4.526365505150000135e-01,6.150248050689697266e-01
5.219328638729999748e-01,3.165284395217895508e-01
5.771376364150000438e-01,3.896860480308532715e-01
3.794689347339999519e-01,4.493116140365600586e-01
3.858178707060000434e-01,3.939887285232543945e-01
5.035828903919999933e-01,4.543591439723968506e-01
6.040819012740000771e-01,5.127910375595092773e-01
7.206081041840000090e-01,6.113203763961791992e-01
3.253481268699999762e-01,3.811680674552917480e-01
4.069551819319999764e-01,4.327425956726074219e-01
2.408763080160000181e-01,3.382129073143005371e-01
4.046324004779999761e-01,3.427037000656127930e-01
-1.055278327290000012e-01,4.785988330841064453e-01
3.925539369210000462e-01,4.784032404422760010e-01
4.526365505150000135e-01,4.557407498359680176e-01
5.041248727310000399e-01,3.213401436805725098e-01
3.628223343179999838e-01,4.469360411167144775e-01
2.908935353120000178e-01,4.080918431282043457e-01
5.692401794740000742e-01,5.676299333572387695e-01
5.689304752800000697e-01,3.277165591716766357e-01
4.584435041480000583e-01,4.272865653038024902e-01
3.531440782620000052e-01,3.978830575942993164e-01
3.750556499719999715e-01,4.019269943237304688e-01
4.651795703630000611e-01,3.644799292087554932e-01
9.349234062819999913e-01,4.749079048633575439e-01
2.843123211939999617e-01,4.363026320934295654e-01
5.936293847339999541e-01,4.747191071510314941e-01
4.472941531719999975e-01,3.774693310260772705e-01
7.505719849330000359e-01,4.326264262199401855e-01
1.140524406629999932e-01,3.890253305435180664e-01
5.066025062810000090e-01,4.691450297832489014e-01
1.209433589739999926e-01,3.827333450317382812e-01
2.261653588120000058e-01,4.044800698757171631e-01
5.109383649940000272e-01,4.712025225162506104e-01
4.725350449649999840e-01,4.554668962955474854e-01
5.077638970080000647e-01,4.669409692287445068e-01
5.923905679590000251e-01,5.010425448417663574e-01
3.919345285329999817e-01,4.094152152538299561e-01
6.214253361260000386e-01,5.336144566535949707e-01
2.129255045270000146e-01,3.967803716659545898e-01
5.001761442600000107e-01,3.456193506717681885e-01
3.739716852939999892e-01,4.715184569358825684e-01
3.919345285329999817e-01,3.507837057113647461e-01
4.478361355109999886e-01,6.438854336738586426e-01
4.345962812270000031e-01,4.099172949790954590e-01
8.220362276479999952e-01,4.703419506549835205e-01
3.188443388009999935e-01,4.052569568157196045e-01
3.856630186089999857e-01,4.272596836090087891e-01
2.064217164579999764e-01,4.284353852272033691e-01
3.089686463220000373e-02,5.618391036987304688e-01
3.577896411689999723e-01,4.640541076660156250e-01
4.634761972970000143e-01,7.388746738433837891e-01
3.416850230919999398e-01,4.822007119655609131e-01
4.671152215739999836e-01,4.629161953926086426e-01
4.006062459590000180e-01,3.859367370605468750e-01
4.935949301420000102e-01,4.270272850990295410e-01
2.707627627160000272e-01,3.840357661247253418e-01
4.512428816430000267e-01,4.342719614505767822e-01
5.014923870840000131e-01,4.241526722908020020e-01
2.366178753519999900e-01,3.815252780914306641e-01
4.947563208690000103e-01,4.067702889442443848e-01
5.280495217010000575e-01,4.328904449939727783e-01
5.828671639999999377e-01,3.865832984447479248e-01
5.375729256589999450e-01,3.176307678222656250e-01
4.778000162589999822e-01,4.074209928512573242e-01
1.678635443320000142e-01,3.364882469177246094e-01
-2.143888568430000197e-01,3.811277449131011963e-01
3.235673277560000005e-01,3.139029145240783691e-01
2.178033455800000295e-01,4.540030956268310547e-01
6.144569917659999936e-01,4.473544061183929443e-01
2.652655132769999868e-01,4.000314474105834961e-01
5.479480161509999725e-01,3.496704101562500000e-01
2.171065111439999806e-01,4.446014761924743652e-01
4.983179190979999951e-01,3.572987914085388184e-01
5.375729256589999450e-01,5.068691372871398926e-01
1.049161669459999918e-01,4.577546715736389160e-01
3.873663916749999769e-01,4.056458473205566406e-01
4.983179190979999951e-01,3.775820136070251465e-01
3.312325065519999834e-01,3.431791365146636963e-01
2.854737119210000174e-01,2.795820832252502441e-01
5.107835128969999694e-01,4.465954899787902832e-01
3.671581930309999464e-01,4.293838441371917725e-01
3.303033939710000033e-01,3.581035733222961426e-01
1.835036061180000122e-01,3.322007060050964355e-01
3.097854911329999683e-01,3.580489158630371094e-01
6.050884399039999639e-01,5.212280750274658203e-01
5.380374819500000072e-01,2.478292882442474365e-01
2.983264359629999585e-01,3.188201785087585449e-01
4.102070759669999567e-01,4.118369817733764648e-01
3.415301709949999931e-01,3.097553253173828125e-01
4.111361885479999922e-01,4.351320266723632812e-01
4.955654230749999972e-02,4.370993375778198242e-01
4.764063473870000509e-01,3.992906212806701660e-01
2.449024625350000040e-01,4.282899200916290283e-01
1.462616768159999969e-01,4.251267313957214355e-01
4.021547669280000070e-01,4.104502797126770020e-01
5.107835128969999694e-01,3.999047279357910156e-01
4.424937381679999726e-01,3.984626531600952148e-01
4.440422591370000172e-01,3.878629207611083984e-01
4.537979412409999802e-01,4.580399394035339355e-01
3.244538560109999636e-02,4.140623509883880615e-01
1.083891123489999941e+00,8.214997053146362305e-01
4.605340074559999830e-01,3.910390138626098633e-01
5.145773892710000519e-01,6.750221848487854004e-01
4.125298574199999790e-01,4.392095506191253662e-01
4.153171951640000081e-01,3.557951450347900391e-01
4.558110185010000315e-01,4.903283119201660156e-01
3.522923917290000095e-01,4.527584612369537354e-01
4.689734467369999771e-01,4.593385756015777588e-01
4.935949301420000102e-01,4.017271995544433594e-01
4.910398705439999456e-01,4.605234265327453613e-01
4.557335924530000471e-01,6.585692763328552246e-01
1.339861639650000047e+00,4.479784369468688965e-01
2.858608421630000063e-01,4.049546122550964355e-01
4.504686211580000155e-01,3.973418176174163818e-01
4.512428816430000267e-01,3.951355218887329102e-01
2.886481799069999798e-01,4.296937584877014160e-01
4.764063473870000509e-01,4.198951125144958496e-01
5.482577203449999770e-01,3.492820858955383301e-01
4.811293363430000358e-01,4.887976348400115967e-01
-7.471226544750000920e-02,4.072960317134857178e-01
4.291764578360000026e-01,4.307857155799865723e-01
3.401365021230000063e-01,2.222636342048645020e-01
3.735071290030000379e-01,4.781854152679443359e-01
4.983179190979999951e-01,4.644073545932769775e-01
4.664183871379999902e-01,5.027915835380554199e-01
4.455907801060000062e-01,3.977084755897521973e-01
4.629342149580000232e-01,4.888396263122558594e-01
3.492727758399999938e-01,3.704190552234649658e-01
2.922872041840000046e-01,3.643169403076171875e-01
3.265869436450000163e-01,3.574683666229248047e-01
3.680873056119999820e-01,4.620771408081054688e-01
4.380030273580000078e-01,5.586756467819213867e-01
2.840800430490000306e-01,4.027515649795532227e-01
4.585983562450000051e-01,4.594581425189971924e-01
6.597512301060000084e-01,3.953925967216491699e-01
3.919345285329999817e-01,3.558607101440429688e-01
1.247802068050000157e+00,6.730926632881164551e-01
2.685174073109999893e-01,3.023322224617004395e-01
3.778429877160000006e-01,4.066541790962219238e-01
1.316401546970000114e+00,1.275485277175903320e+00
2.504771380240000123e-01,4.337530732154846191e-01
9.320586424889999444e-01,5.281612277030944824e-01
2.814475574020000037e-01,3.800035417079925537e-01
3.265095175969999763e-01,3.971810340881347656e-01
4.667280913319999947e-01,3.438839018344879150e-01
1.291505201089999944e-01,3.610127270221710205e-01
6.554153713929999903e-01,4.359826147556304932e-01
3.965800914400000043e-01,3.715915381908416748e-01
2.092864802509999955e-01,3.554250299930572510e-01
3.136567935550000352e-01,3.764166235923767090e-01
6.116696540220000200e-01,4.571583271026611328e-01
6.743073272139998853e-01,5.568826198577880859e-01
6.613771771240000152e-01,5.086913704872131348e-01
5.175970051600000676e-01,4.162804484367370605e-01
3.148956103300000198e-01,4.751635789871215820e-01
6.348974685549999553e-01,6.835012435913085938e-01
3.642934292380000105e-01,2.934193611145019531e-01
1.093569379549999887e+00,6.677974462509155273e-01
3.231801975140000116e-01,3.810819983482360840e-01
1.101853966730000023e+00,5.226159095764160156e-01
2.447476104390000073e-01,3.503461480140686035e-01
3.757524844080000204e-01,4.157682657241821289e-01
3.651451157710000062e-01,4.604703485965728760e-01
3.631320385119999883e-01,5.668886899948120117e-01
2.945325595889999870e-01,2.959532737731933594e-01
1.392933324560000075e-01,2.307776808738708496e-01
5.491868329260000126e-01,5.209873318672180176e-01
4.743932701280000330e-01,4.472525417804718018e-01
3.895343210320000304e-01,3.976786136627197266e-01
3.882955042560000125e-01,4.434081614017486572e-01
5.555357688990000264e-01,4.599798023700714111e-01
4.061809214469999652e-01,4.750963747501373291e-01
6.695843382589999893e-01,5.190215706825256348e-01
9.818435916399999019e-01,5.730469226837158203e-01
3.807851775569999764e-01,4.671613574028015137e-01
2.861705463570000108e-01,2.439263164997100830e-01
5.402828373550000451e-01,4.359115064144134521e-01
2.470703918920000020e-01,4.515665769577026367e-01
4.478361355109999886e-01,4.561164379119873047e-01
4.100522238699999544e-01,3.926473855972290039e-01
3.523698177780000274e-01,5.449085831642150879e-01
5.255718881499999995e-01,4.532402157783508301e-01
3.929410671630000351e-01,4.104721248149871826e-01
1.735930719169999914e-01,4.288907647132873535e-01
6.719071197120000116e-01,4.231376647949218750e-01
7.089941969180000303e-01,4.652765393257141113e-01
1.288528169529999934e+00,6.661203503608703613e-01
3.875986698200000191e-01,4.161707758903503418e-01
5.956424619929999720e-01,4.353184998035430908e-01
3.824111245750000387e-01,4.034961163997650146e-01
4.970791023219999771e-01,4.590679407119750977e-01
5.251847579080000106e-01,3.972627520561218262e-01
7.215372167659999114e-01,4.577332139015197754e-01
3.473371246289999603e-01,3.287475705146789551e-01
9.996515827820000588e-01,5.786311626434326172e-01
5.319208241230000134e-01,4.471390247344970703e-01
4.229049479119999511e-01,5.611004829406738281e-01
-7.115066721899999946e-02,2.442075908184051514e-01
4.508557514000000044e-01,3.823763728141784668e-01
1.455648423800000035e-01,3.438839018344879150e-01
3.732748508579999958e-01,5.047309398651123047e-01
5.186035437899999545e-01,7.109534144401550293e-01
4.001416896689999891e-01,3.599984347820281982e-01
8.716663247020000060e-01,4.137351512908935547e-01
6.578930049440000483e-01,7.381088733673095703e-01
6.120529129610000237e-03,3.341474831104278564e-01
7.077553801429999902e-01,3.695348501205444336e-01
3.954187007130000042e-01,4.530336856842041016e-01
6.140272771969999821e-02,4.138529300689697266e-01
6.712102852760000182e-01,4.068007171154022217e-01
6.814305236709999880e-01,6.634984016418457031e-01
4.928980957060000168e-01,6.272736787796020508e-01
6.108179674889999689e-01,4.305955469608306885e-01
4.598371730199999896e-01,4.958981871604919434e-01
4.983179190979999951e-01,5.397294759750366211e-01
5.153516497560000076e-01,4.708841145038604736e-01
7.326091416940000434e-01,4.185462892055511475e-01
3.638288729479999817e-01,4.881346821784973145e-01
5.220877159699999215e-01,4.338125586509704590e-01
5.016472391809999598e-01,4.900903105735778809e-01
1.183108733269999935e-01,4.536571204662322998e-01
1.672441359449999831e-01,3.927814960479736328e-01
-2.846142827829999944e-01,3.181734681129455566e-01
5.915388814259999739e-01,3.669050633907318115e-01
3.399042239779999641e-01,3.262168169021606445e-01
3.454014734179999824e-01,4.299011230468750000e-01
6.232835612889999766e-01,4.619536995887756348e-01
3.631320385119999883e-01,5.110776424407958984e-01
4.646375880240000145e-01,4.106731712818145752e-01
4.763289213390000110e-01,4.309951364994049072e-01
3.893794689350000282e-01,3.837051391601562500e-01
1.268277386559999997e-01,3.462241888046264648e-01
5.331596408980000534e-01,3.247604966163635254e-01
6.033850668379999727e-01,4.143544137477874756e-01
6.738427709229999341e-01,4.695661664009094238e-01
4.363770803410000343e-01,3.831133544445037842e-01
4.364545063899999966e-01,3.868574798107147217e-01
2.843123211939999617e-01,3.465104103088378906e-01
5.033506122459999732e-01,4.747471213340759277e-01
6.911862057750000066e-01,4.430152773857116699e-01
9.312843820049999666e-01,5.967284440994262695e-01
4.937497822389999569e-01,4.326690435409545898e-01
1.419258181030000066e-01,3.577660620212554932e-01
3.792366565879999873e-01,3.018057346343994141e-01
3.267417957420000185e-01,3.731988072395324707e-01
5.968812787689999899e-01,5.115662813186645508e-01
5.134934245929999586e-01,4.748738110065460205e-01
-2.143888568430000197e-01,3.854890763759613037e-01
2.137771910599999825e-01,4.786459505558013916e-01
4.441971112340000194e-01,3.696425557136535645e-01
3.099403432300000261e-01,4.457290172576904297e-01
6.100437070040000131e-01,3.759801387786865234e-01
5.542969521239999864e-01,4.136876463890075684e-01
2.127706524309999903e-01,2.064675390720367432e-01
3.378911467180000239e-01,4.228072166442871094e-01
4.596048948749999474e-01,3.525310754776000977e-01
6.383042146869999378e-01,3.922569751739501953e-01
3.914699722429999529e-01,3.908456861972808838e-01
2.313529040579999918e-01,4.573366343975067139e-01
2.462961314070000185e-01,4.123533964157104492e-01
2.833832086129999817e-01,2.445604205131530762e-01
4.087359810459999521e-01,3.141428232192993164e-01
4.743932701280000330e-01,3.522119522094726562e-01
1.757610012739999894e-01,3.448656797409057617e-01
4.319637955799999762e-01,3.404897451400756836e-01
3.186120606560000068e-01,5.258650183677673340e-01
